<?xml version="1.0" encoding="utf-8"?>
<odoo>
    <data noupdate="1">
        <record id="io_mia_lang_ly" model="res.lang">
            <field name="name">Arabic (Libya)</field>
            <field name="code">ar_LY</field>
            <field name="iso_code">ar_LY</field>
            <field name="direction">rtl</field>
            <field name="grouping">[3,0]</field>
            <field name="decimal_point">.</field>
            <field name="thousands_sep">,</field>
            <field name="time_format">%I:%M:%S</field>
            <field name="date_format">%d %m, %Y	</field>
            <field name="week_start">7</field>
            <field name="active">True</field>
        </record>
    </data>
</odoo>
