<?xml version="1.0" encoding="utf-8"?>
<odoo>
<data>
    <record model="ir.module.category" id="module_category_mia">
            <field name="name">Mia Access HR Groups</field>
            <field name="description">Helps you handle your MIA-related Access Rights</field>
            <field name="visible" eval="0" />
            <field name="sequence">1</field>
    </record>

	<record id="group_mia_contracts" model="res.groups">
        <field name="name">Contracts</field>
        <field name="comment">Contract Access Rights in MIA</field>
        <field name="category_id" ref="module_category_mia"/>
        <field name="implied_ids" eval="[(4, ref('hr_contract.group_hr_contract_manager'))]"/>
        <field name="users" eval="[(4, ref('base.user_root')), (4, ref('base.user_admin'))]"/>
    </record>
	<record id="group_mia_administration" model="res.groups">
        <field name="name">Administration</field>
        <field name="comment">Administrator Access Rights in MIA</field>
        <field name="category_id" ref="module_category_mia"/>
        <field name="implied_ids" eval="[(4, ref('hr.group_hr_manager')), (4, ref('hr_attendance.group_hr_attendance_manager')), (4, ref('hr_holidays.group_hr_holidays_manager')), (4, ref('hr_contract.group_hr_contract_manager'))]"/>
<!--        <field name="implied_ids" eval="[(4, ref('hr.group_hr_manager')), (4, ref('hr_contract.group_hr_contract_manager'))]"/>-->
        <field name="users" eval="[(4, ref('base.user_root')), (4, ref('base.user_admin'))]"/>
    </record>
	<record id="group_mia_hr" model="res.groups">
        <field name="name">Human Resources Team</field>
        <field name="comment">HR Employee Access Rights in MIA</field>
        <field name="category_id" ref="module_category_mia"/>
<!--        <field name="implied_ids" eval="[(4, ref('hr.group_hr_user')), (4,ref('hr_holidays.group_hr_holidays_user'))]"/>-->
        <field name="implied_ids" eval="[(4, ref('hr.group_hr_user')),(4, ref('hr_attendance.group_hr_attendance_user'))]"/>
        <field name="users" eval="[(4, ref('base.user_root')), (4, ref('base.user_admin'))]"/>
    </record>
    	<record id="group_mia_attendance" model="res.groups">
        <field name="name">Attendance Team</field>
        <field name="comment">Attendance Access Rights in MIA</field>
        <field name="category_id" ref="module_category_mia"/>
        <field name="implied_ids" eval="[(4, ref('hr.group_hr_user')), (4, ref('hr_attendance.group_hr_attendance_kiosk')), (4, ref('hr_holidays.group_hr_holidays_user'))]"/>
        <field name="users" eval="[(4, ref('base.user_root')), (4, ref('base.user_admin'))]"/>
    </record>
	<record id="group_mia_attendance_admin" model="res.groups">
        <field name="name">Attendance Admin Team</field>
        <field name="comment">Attendance Admin Access Rights in MIA</field>
        <field name="category_id" ref="module_category_mia"/>
        <field name="implied_ids" eval="[(4, ref('hr.group_hr_user')), (4, ref('hr_attendance.group_hr_attendance_manager')), (4, ref('hr_holidays.group_hr_holidays_user'))]"/>
        <field name="users" eval="[(4, ref('base.user_root')), (4, ref('base.user_admin'))]"/>
    </record>

    	<record id="group_mia_timeoff" model="res.groups">
        <field name="name">Timeoff Team</field>
        <field name="comment">Timeoff Access Rights in MIA</field>
        <field name="category_id" ref="module_category_mia"/>
        <field name="implied_ids" eval="[(4, ref('hr.group_hr_user')), (4, ref('hr_attendance.group_hr_attendance_user')), (4, ref('hr_holidays.group_hr_holidays_responsible'))]"/>
        <field name="users" eval="[(4, ref('base.user_root')), (4, ref('base.user_admin'))]"/>
    </record>
	<record id="group_mia_timeoff_admin" model="res.groups">
        <field name="name">Timeoff Admin Team</field>
        <field name="comment">Timeoff Admin Access Rights in MIA</field>
        <field name="category_id" ref="module_category_mia"/>
        <field name="implied_ids" eval="[(4, ref('hr.group_hr_user')),(4, ref('hr_attendance.group_hr_attendance_user')), (4, ref('hr_holidays.group_hr_holidays_manager'))]"/>
        <field name="users" eval="[(4, ref('base.user_root')), (4, ref('base.user_admin'))]"/>
    </record>
	<record id="group_mia_null" model="res.groups">
        <field name="name">Reset User</field>
        <field name="comment">Reset</field>
        <field name="category_id" ref="module_category_mia"/>
        <field name="implied_ids" eval="[(4, ref('hr.group_hr_user'))]"/>
        <field name="users" eval="[(4, ref('base.user_root')), (4, ref('base.user_admin'))]"/>
    </record>
  </data>
</odoo>