id,name,model_id:id,group_id:id,perm_read,perm_write,perm_create,perm_unlink
access_hr_employee_category_user,hr.employee.category.user,hr.model_hr_employee_category,group_mia_hr,1,1,1,1
access_hr_employee_user,hr.employee user,hr.model_hr_employee,group_mia_hr,1,1,1,1
access_hr_employee_resource_user,resource.resource.user,resource.model_resource_resource,group_mia_hr,1,1,1,1
access_hr_department_user,hr.department.user,hr.model_hr_department,group_mia_hr,1,1,1,1
access_hr_job_user,hr.job user,hr.model_hr_job,group_mia_hr,1,1,1,1
access_hr_plan_activity_type_hr_user,access_hr_plan_activity_type,hr.model_hr_plan_activity_type,group_mia_hr,1,1,1,1
access_hr_plan_hr_user,access_hr_plan_hr_user,hr.model_hr_plan,group_mia_hr,1,1,1,1
access_hr_departure_wizard,access.hr.departure.wizard,hr.model_hr_departure_wizard,hr.group_mia_hr,1,1,1,0
